Stkcd,Company_name,Year,Tier,Total_assets,Total_liabilities,Operating_income,Net_profit,Equity,Debt_to_Asset_Ratio,Equity_Ratio,ROE,ROA,Profit_Margin,Asset_Scale_Trillion
000001,PAYH,2020,Large (>5T),4468779000000.0,4104819000000.0,456000000.0,363960000000.0,363960000000.0,0.9185549341330148,0.08144506586698515,1.0,0.08144506586698515,798.1578947368421,4.468779
000001,PAYH,2021,Large (>5T),4921380000000.0,4525932000000.0,1785000000.0,395448000000.0,395448000000.0,0.9196469283005986,0.08035307169940138,1.0,0.08035307169940138,221.53949579831934,4.92138
000001,PAYH,2022,Large (>5T),5321514000000.0,4886834000000.0,2660000000.0,434680000000.0,434680000000.0,0.9183164791072616,0.08168352089273842,1.0,0.08168352089273842,163.41353383458647,5.321514
000001,PAYH,2023,Large (>5T),5587116000000.0,5114788000000.0,2264000000.0,472328000000.0,472328000000.0,0.9154612146946653,0.08453878530533462,1.0,0.08453878530533462,208.62544169611309,5.587116
000001,PAYH,2024,Large (>5T),5769270000000.0,5274428000000.0,2127000000.0,494842000000.0,494842000000.0,0.9142279699164713,0.08577203008352877,1.0,0.08577203008352877,232.64786083685942,5.76927
002142,NBYH,2020,Mid-size (1T-5T),1626749000000.0,1507756000000.0,1100000000.0,118993000000.0,513000000.0,0.9268522679282422,0.0003153528909499868,231.9551656920078,0.07314773207175784,108.17545454545454,1.626749
002142,NBYH,2021,Mid-size (1T-5T),2015607000000.0,1865607000000.0,4371000000.0,150000000000.0,576000000.0,0.9255807307674562,0.00028576999385296836,260.4166666666667,0.07441926923254384,34.317089910775564,2.015607
002142,NBYH,2022,Mid-size (1T-5T),2366097000000.0,2197571000000.0,3651000000.0,168526000000.0,900000000.0,0.9287746867520646,0.0003803732475887506,187.2511111111111,0.07122531324793531,46.15886058614078,2.366097
002142,NBYH,2023,Mid-size (1T-5T),2711662000000.0,2509452000000.0,5801000000.0,202210000000.0,1015000000.0,0.9254294967440633,0.00037430918750198217,199.2216748768473,0.07457050325593677,34.85778314083779,2.711662
002142,NBYH,2024,Mid-size (1T-5T),3125232000000.0,2890972000000.0,15614000000.0,234260000000.0,1109000000.0,0.9250423648548332,0.0003548536556646035,211.23534715960324,0.07495763514516682,15.003202254387089,3.125232
002807,JYYH,2020,Regional (<1T),142766234000.0,130506041000.0,101284000.0,12260193000.0,128700000.0,0.9141240007773827,0.0009014736635835053,95.26179487179488,0.08587599922261731,121.04767781683188,0.142766234
002807,JYYH,2021,Regional (<1T),153127599000.0,139961942000.0,112833000.0,13165657000.0,139862000.0,0.9140216584993277,0.0009133689871281793,94.1331955784988,0.08597834150067225,116.68268148502655,0.153127599
002807,JYYH,2022,Regional (<1T),168751396000.0,154335869000.0,136744000.0,14415527000.0,140563000.0,0.9145753614980465,0.0008329590351951815,102.55562985992046,0.08542463850195349,105.41981366641315,0.168751396
002807,JYYH,2023,Regional (<1T),186029579000.0,169953616000.0,172002000.0,16075963000.0,285289000.0,0.913583833891276,0.0015335679494280852,56.3497470985562,0.08641616610872403,93.46381437425146,0.186029579
002807,JYYH,2024,Regional (<1T),200232115000.0,181373359000.0,236087000.0,18858756000.0,269066000.0,0.9058155281434249,0.0013437704536058063,70.08970289817368,0.09418447185657505,79.8805355652789,0.200232115
002839,ZJGH,2020,Regional (<1T),143817651264.21,132508113122.02,169573511.84,11309538142.19,104426339.94,0.9213619604911151,0.0007261023874472577,108.30158510475513,0.07863803950888507,66.69401382015985,0.14381765126420998
002839,ZJGH,2021,Regional (<1T),164578715094.33,150012862359.34,376423905.99,14565852734.99,148544733.73,0.9114961328587271,0.0009025756073308753,98.05701198041389,0.08850386714127298,38.69534453897557,0.16457871509432997
002839,ZJGH,2022,Regional (<1T),187532755025.44,171806977656.39,223026582.56,15725777369.05,164734027.17,0.9161438364891686,0.0008784280226014532,95.46162161641034,0.08385616351083147,70.51077583910588,0.18753275502544
002839,ZJGH,2023,Regional (<1T),207126798437.95,189915781319.07,440992140.0,17211017118.88,175016389.51,0.9169058892973909,0.0008449722142662796,98.33945933330209,0.08309411070260901,39.0279453027893,0.20712679843795
002839,ZJGH,2024,Regional (<1T),218908026873.13,199013275713.0,710567430.24,19894751160.13,171702643.14,0.9091182199012731,0.0007843597404471226,115.86747178905426,0.09088178009872691,27.99840002997377,0.21890802687313002
002936,ZZYH,2020,Regional (<1T),547813444000.0,501841523000.0,-759159000.0,45971921000.0,1477024000.0,0.9160810646333828,0.0026962171450469184,31.12469465628182,0.08391893536661725,-60.55638015224742,0.547813444
002936,ZZYH,2021,Regional (<1T),574979662000.0,515568122000.0,-242712000.0,59411540000.0,1645358000.0,0.8966719278498585,0.0028615933897154088,36.108579409465904,0.10332807215014155,-244.78204621114736,0.574979662
002936,ZZYH,2022,Regional (<1T),596131114000.0,532939613000.0,-36241000.0,63191501000.0,1815403000.0,0.8939973111351474,0.0030453082507617612,34.80852515942741,0.10600268886485265,-1743.6467260837173,0.596131114
002936,ZZYH,2023,Regional (<1T),630709429000.0,576394573000.0,115343000.0,54314856000.0,1862032000.0,0.9138829173901568,0.0029522818502210786,29.169668405269082,0.08611708260984315,470.8985894245858,0.630709429
002936,ZZYH,2024,Regional (<1T),676365240000.0,620070469000.0,711788000.0,56294771000.0,1849740000.0,0.9167686810753314,0.0027348241609814247,30.433883140333236,0.08323131892466858,79.08923864971031,0.67636524
002948,QDYH,2020,Regional (<1T),459827605000.0,428920747000.0,32717000.0,30906858000.0,621684000.0,0.9327859883488291,0.0013519936455315682,49.714739320941185,0.06721401165117087,944.6727389430571,0.459827605
002948,QDYH,2021,Regional (<1T),522249610000.0,488921882000.0,746499000.0,33327728000.0,692233000.0,0.9361842931773563,0.0013254830386565536,48.1452458926402,0.06381570682264368,44.645375278466545,0.52224961
002948,QDYH,2022,Regional (<1T),536409742000.0,497877643000.0,667487000.0,38532099000.0,734172000.0,0.9281666681586853,0.0013686776031744778,52.483749039734555,0.0718333318413147,57.727115284642245,0.536409742
002948,QDYH,2023,Regional (<1T),607985372000.0,568046129000.0,947211000.0,39939243000.0,875304000.0,0.934308875115502,0.0014396793743912642,45.628996325847936,0.06569112488449805,42.16509626682967,0.607985372
002948,QDYH,2024,Regional (<1T),689963033000.0,645063204000.0,2716533000.0,44899829000.0,967448000.0,0.9349242976036369,0.0014021736726871857,46.410586408778556,0.06507570239636302,16.528357652934826,0.689963033
002958,QNSH,2020,Regional (<1T),406811073000.0,377108681000.0,479959000.0,29702392000.0,860710000.0,0.9269872577927593,0.002115748702838283,34.5091749834439,0.07301274220724076,61.88526936675841,0.406811073
002958,QNSH,2021,Regional (<1T),430787852000.0,397127711000.0,595515000.0,33660141000.0,875840000.0,0.9218637646263061,0.002033112112920027,38.43183800694191,0.07813623537369387,56.52274250018891,0.430787852
002958,QNSH,2022,Regional (<1T),444211531000.0,408129666000.0,664386000.0,36081865000.0,875185000.0,0.9187732364381149,0.00197019874299481,41.22770042905214,0.08122676356188512,54.3085871767316,0.444211531
002958,QNSH,2023,Regional (<1T),467936769000.0,428887839000.0,768731000.0,39048930000.0,938716000.0,0.916550840654285,0.0020060744574658547,41.59823631428462,0.08344915934571494,50.79661155852958,0.467936769
002958,QNSH,2024,Regional (<1T),495032420000.0,453921297000.0,1337397000.0,41111123000.0,363983000.0,0.9169526654436088,0.0007352710353798646,112.94792064464549,0.08304733455639128,30.739655465056373,0.49503242
002966,SZYH,2020,Regional (<1T),388068080296.0,356837134537.0,162080681.0,31230945759.0,1500777796.0,0.9195219928029676,0.0038673054347971047,20.809839965809303,0.08047800719703231,192.68765139874998,0.388068080296
002966,SZYH,2021,Regional (<1T),453029020092.0,418740192325.0,403871009.0,34288827767.0,1642877462.0,0.9243120721934398,0.0036264287476911934,20.87120224125395,0.07568792780656018,84.90044346560167,0.453029020092
002966,SZYH,2022,Regional (<1T),524548689036.0,484086673129.0,303941862.0,40462015907.0,1932791548.0,0.9228631836229352,0.0036846752044162514,20.934495470486194,0.0771368163770648,133.12419566278763,0.524548689036
002966,SZYH,2023,Regional (<1T),601841456223.0,554175309985.0,976662873.0,47666146238.0,2186160901.0,0.9207994967027691,0.003632453162531833,21.80358555319346,0.07920050329723097,48.80511746247162,0.601841456223
002966,SZYH,2024,Regional (<1T),693714073375.0,638458311182.0,1667795565.0,55255762193.0,2344710846.0,0.9203479296244139,0.003379938415538707,23.566130675458137,0.0796520703755861,33.131016386291925,0.693714073375
600000,PFYH,2020,Large (>5T),7950218000000.0,7304401000000.0,3976000000.0,645817000000.0,7620000000.0,0.918767384743412,0.000958464283620902,84.75288713910761,0.08123261525658794,162.42882293762577,7.950218
600000,PFYH,2021,Large (>5T),8136757000000.0,7458539000000.0,2821000000.0,678218000000.0,8211000000.0,0.9166476275498949,0.001009124396857372,82.59870904883692,0.08335237245010513,240.41758241758242,8.136757
600000,PFYH,2022,Large (>5T),8704651000000.0,7997876000000.0,-3053000000.0,706775000000.0,8903000000.0,0.9188049009661616,0.0010227865539928023,79.38616196787599,0.08119509903383834,-231.5018015067147,8.704651
600000,PFYH,2023,Large (>5T),9007247000000.0,8274363000000.0,2107000000.0,732884000000.0,8135000000.0,0.9186339621862263,0.0009031616430636353,90.09022741241549,0.08136603781377373,347.8329378262933,9.007247
600000,PFYH,2024,Large (>5T),9461880000000.0,8717099000000.0,13036000000.0,744781000000.0,8452000000.0,0.9212861503210779,0.0008932685681915222,88.11890676762896,0.07871384967892216,57.132632709420065,9.46188
600015,HXYH,2020,Mid-size (1T-5T),3399816000000.0,3117161000000.0,-714000000.0,282655000000.0,2042000000.0,0.916861677220179,0.0006006207394753127,138.42066601371204,0.08313832277982103,-395.875350140056,3.399816
600015,HXYH,2021,Mid-size (1T-5T),3676287000000.0,3375585000000.0,833000000.0,300702000000.0,2410000000.0,0.918204971483456,0.000655552735681409,124.77261410788381,0.08179502851654401,360.98679471788716,3.676287
600015,HXYH,2022,Mid-size (1T-5T),3900167000000.0,3576845000000.0,-1581000000.0,323322000000.0,2865000000.0,0.9171004728771871,0.0007345839293548199,112.85235602094241,0.08289952712281294,-204.50474383301707,3.900167
600015,HXYH,2023,Mid-size (1T-5T),4254766000000.0,3933004000000.0,-803000000.0,321762000000.0,3183000000.0,0.9243760996491934,0.000748102245810933,101.08765315739868,0.0756239003508066,-400.6998754669988,4.254766
600015,HXYH,2024,Mid-size (1T-5T),4379952000000.0,4050596000000.0,789000000.0,329356000000.0,3296000000.0,0.9248037421414664,0.0007525196623159341,99.92597087378641,0.07519625785853361,417.4347275031686,4.379952
600016,MSYH,2020,Large (>5T),7142641000000.0,6603764000000.0,477000000.0,538877000000.0,11460000000.0,0.9245549370323946,0.0016044485506131415,47.022425828970334,0.0754450629676054,1129.7211740041928,7.142641
600016,MSYH,2021,Large (>5T),7069708000000.0,6482413000000.0,-1219000000.0,587295000000.0,11859000000.0,0.9169279693022682,0.0016774384458311433,49.52314697697951,0.0830720306977318,-481.7842493847416,7.069708
600016,MSYH,2022,Large (>5T),7320580000000.0,6717869000000.0,-693000000.0,602711000000.0,12551000000.0,0.9176689551920749,0.0017144816394329412,48.020954505617084,0.08233104480792505,-869.7128427128428,7.32058
600016,MSYH,2023,Large (>5T),7674965000000.0,7037164000000.0,2022000000.0,637801000000.0,13199000000.0,0.91689851354371,0.0017197472561764125,48.321918327145994,0.08310148645629002,315.4307616221563,7.674965
600016,MSYH,2024,Large (>5T),7814969000000.0,7158401000000.0,7192000000.0,656568000000.0,13709000000.0,0.91598584716075,0.0017541976174185719,47.893208840907434,0.0840141528392499,91.29143492769744,7.814969
600036,ZSYH,2020,Large (>5T),8361448000000.0,7631094000000.0,7448000000.0,730354000000.0,6604000000.0,0.9126522104783765,0.0007898153525561602,110.59267110841914,0.08734778952162353,98.06041890440386,8.361448
600036,ZSYH,2021,Large (>5T),9249021000000.0,8383340000000.0,12942000000.0,865681000000.0,6936000000.0,0.9064029587563917,0.0007499172074536321,124.80983275663206,0.09359704124360838,66.88927522794005,9.249021
600036,ZSYH,2022,Large (>5T),10138912000000.0,9184674000000.0,13975000000.0,954238000000.0,8735000000.0,0.9058835898763102,0.0008615322827538103,109.2430452203778,0.0941164101236898,68.28178890876565,10.138912
600036,ZSYH,2023,Large (>5T),11028483000000.0,9942754000000.0,16682000000.0,1085729000000.0,9359000000.0,0.9015522805811098,0.0008486207939931539,116.00908216689817,0.09844771941889016,65.08386284618152,11.028483
600036,ZSYH,2024,Large (>5T),12152036000000.0,10918561000000.0,43257000000.0,1233475000000.0,7461000000.0,0.8984964330257086,0.0006139711896837698,165.3230130009382,0.10150356697429139,28.515038028527176,12.152036
600908,WXYH,2020,Regional (<1T),180018291000.0,165948002000.0,-24619000.0,14070289000.0,91150000.0,0.9218396701699607,0.0005063374365663765,154.36411409764125,0.07816032983003933,-571.5215483975791,0.180018291
600908,WXYH,2021,Regional (<1T),203341525000.0,187780772000.0,1849000.0,15560753000.0,126294000.0,0.92347478951975,0.0006210930108840288,123.21054840293284,0.07652521048024992,8415.766901027582,0.203341525
600908,WXYH,2022,Regional (<1T),211603401000.0,192083292000.0,74997000.0,19520109000.0,137653000.0,0.9077514401576182,0.0006505235707435534,141.8066369784894,0.09224855984238174,260.27853114124565,0.211603401
600908,WXYH,2023,Regional (<1T),234956165000.0,213756652000.0,183823000.0,21199513000.0,143500000.0,0.909772476070164,0.0006107522226539576,147.73179790940767,0.09022752392983602,115.32568285796663,0.234956165
600908,WXYH,2024,Regional (<1T),256801132000.0,233434958000.0,416552000.0,23366174000.0,128027000.0,0.9090106269469248,0.0004985453101507356,182.5097362275145,0.09098937305307517,56.09425473890415,0.256801132
600919,JSYH,2020,Mid-size (1T-5T),2337892914000.0,2155813641000.0,1304697000.0,182079273000.0,4041534000.0,0.922118215120267,0.0017287079214783915,45.05202059416053,0.07788178487973295,139.55674995803622,2.337892914
600919,JSYH,2021,Mid-size (1T-5T),2618874260000.0,2420818512000.0,2266574000.0,198055748000.0,5828670000.0,0.9243737085720183,0.002225639500538678,33.979578188506125,0.07562629142798173,87.3811082276599,2.61887426
600919,JSYH,2022,Mid-size (1T-5T),2980294692000.0,2764863353000.0,993917000.0,215431339000.0,6798609000.0,0.9277147526456756,0.0022811868296948937,31.68756123495262,0.07228524735432439,216.74982820497084,2.980294692
600919,JSYH,2023,Mid-size (1T-5T),3403361837000.0,3144245806000.0,2168785000.0,259116031000.0,8706043000.0,0.9238646833895259,0.002558071523677369,29.76277868142852,0.07613531661047418,119.4752043194692,3.403361837
600919,JSYH,2024,Mid-size (1T-5T),3952041570000.0,3638383352000.0,9283147000.0,313658218000.0,10068401000.0,0.9206338768344484,0.0025476455198319183,31.152733984274168,0.07936612316555162,33.787918902932375,3.95204157
600926,HZYH,2020,Mid-size (1T-5T),1170209707000.0,1089481080000.0,790343000.0,80728627000.0,80728627000.0,0.9310135384135897,0.06898646158641034,1.0,0.06898646158641034,102.14378693807625,1.170209707
600926,HZYH,2021,Mid-size (1T-5T),1391370650000.0,1302040555000.0,2169750000.0,89330095000.0,89330095000.0,0.9357970537900883,0.0642029462099118,1.0,0.0642029462099118,41.17068556285286,1.39137065
600926,HZYH,2022,Mid-size (1T-5T),1616538051000.0,1517964826000.0,1878500000.0,98573225000.0,98573225000.0,0.9390220199648118,0.06097798003518817,1.0,0.06097798003518817,52.47443438914027,1.616538051
600926,HZYH,2023,Mid-size (1T-5T),1841330802000.0,1730037592000.0,3257070000.0,111293210000.0,111293210000.0,0.9395582749829001,0.060441725017099886,1.0,0.060441725017099886,34.1697323054156,1.841330802
600926,HZYH,2024,Mid-size (1T-5T),2112355860000.0,1976307861000.0,5608592000.0,136047999000.0,136047999000.0,0.9355941858205653,0.06440581417943471,1.0,0.06440581417943471,24.25706826240882,2.11235586
600928,XAYH,2020,Regional (<1T),306391591000.0,280768067000.0,43446000.0,25623524000.0,58138000.0,0.9163700155204325,0.00018975063842401602,440.73624823695343,0.08362998447956752,589.7786677714864,0.306391591
600928,XAYH,2021,Regional (<1T),345863917000.0,318260782000.0,59041000.0,27603135000.0,62274000.0,0.9201907639298493,0.0001800534746155668,443.2529627131708,0.07980923607015068,467.5248556088142,0.345863917
600928,XAYH,2022,Regional (<1T),405838548000.0,376590585000.0,123720000.0,29247963000.0,62424000.0,0.9279320233523012,0.0001538148613719168,468.5371491733948,0.07206797664769883,236.40448593598447,0.405838548
600928,XAYH,2023,Regional (<1T),432201362000.0,401275149000.0,69922000.0,30926213000.0,65568000.0,0.9284448969413475,0.00015170706472692697,471.6662548804295,0.07155510305865255,442.29588684534195,0.432201362
600928,XAYH,2024,Regional (<1T),480370120000.0,446898269000.0,303769000.0,33471851000.0,67694000.0,0.9303207056259036,0.00014092050521377142,494.4581646822466,0.06967929437409637,110.18850178918849,0.48037012
601009,NJYH,2020,Mid-size (1T-5T),1517075765000.0,1409042793000.0,90846000.0,108032972000.0,1156845000.0,0.9287886772088803,0.0007625492587049534,93.38586586794256,0.0712113227911198,1189.187988463994,1.517075765
601009,NJYH,2021,Mid-size (1T-5T),1748946747000.0,1626381955000.0,925664000.0,122564792000.0,1205007000.0,0.9299207982117023,0.0006889901033676241,101.71292946845952,0.07007920178829778,132.40743077401734,1.748946747
601009,NJYH,2022,Mid-size (1T-5T),2059483739000.0,1901784904000.0,-829319000.0,157698835000.0,1442643000.0,0.9234279775976421,0.0007004876866376656,109.31244597589286,0.076572022402358,-190.15461481046498,2.059483739
601009,NJYH,2023,Mid-size (1T-5T),2288275916000.0,2115681851000.0,648358000.0,172594065000.0,3032773000.0,0.9245746267776564,0.001325352847003438,56.90965495933919,0.07542537322234352,266.20179746374686,2.288275916
601009,NJYH,2024,Mid-size (1T-5T),2591399702000.0,2399443325000.0,3773241000.0,191956377000.0,3426919000.0,0.9259256004190125,0.0013224200795250382,56.014273170740246,0.07407439958098752,50.873076222801565,2.591399702
601077,YNSH,2020,Mid-size (1T-5T),1135926443000.0,1041294362000.0,-686483000.0,94632081000.0,1403476000.0,0.9166917175111488,0.0012355342272809473,67.42693213136526,0.08330828248885126,-137.85058187893947,1.135926443
601077,YNSH,2021,Mid-size (1T-5T),1265851070000.0,1159807055000.0,-445472000.0,106044015000.0,1531365000.0,0.9162271000805806,0.0012097513177438796,69.24803361706712,0.08377289991941943,-238.04866523597443,1.26585107
601077,YNSH,2022,Mid-size (1T-5T),1351861116000.0,1236844964000.0,-921970000.0,115016152000.0,1732759000.0,0.9149201418409612,0.0012817581477060547,66.37746622582829,0.08507985815903887,-124.75042788810916,1.351861116
601077,YNSH,2023,Mid-size (1T-5T),1447456543000.0,1325001666000.0,-307137000.0,122454877000.0,1922006000.0,0.9153999630647288,0.0013278505729895339,63.7120159874631,0.08460003693527123,-398.69790028554036,1.447456543
601077,YNSH,2024,Mid-size (1T-5T),1517467458000.0,1385390233000.0,1615984000.0,132077225000.0,1915173000.0,0.9129620709138133,0.0012620850548743694,68.96360015518181,0.0870379290861867,81.73176528975534,1.517467458
601128,CSYH,2020,Regional (<1T),208685255000.0,189577801000.0,388381000.0,19107454000.0,1147382000.0,0.9084388880278101,0.005498145999821597,16.653088509319478,0.09156111197218988,49.19770534603907,0.208685255
601128,CSYH,2021,Regional (<1T),246582821000.0,225446117000.0,572412000.0,21136704000.0,1348725000.0,0.914281522474755,0.00546966327390666,15.67161875104265,0.08571847752524496,36.925682899729566,0.246582821
601128,CSYH,2022,Regional (<1T),287881374000.0,263765708000.0,443168000.0,24115666000.0,1538093000.0,0.9162305443213564,0.005342801372067927,15.678938789787093,0.08376945567864352,54.416532782150334,0.287881374
601128,CSYH,2023,Regional (<1T),334456430000.0,307325494000.0,624116000.0,27130936000.0,1774529000.0,0.9188805070962457,0.005305710522593331,15.289091358890161,0.08111949290375431,43.47098295829621,0.33445643
601128,CSYH,2024,Regional (<1T),367302864000.0,338911527000.0,629103000.0,28391337000.0,1980639000.0,0.9227031973265528,0.005392386485720406,14.334432978447865,0.07729680267344716,45.12987062531891,0.367302864
601166,XYYH,2020,Large (>5T),7894000000000.0,7269197000000.0,-749000000.0,624803000000.0,9217000000.0,0.9208508994172789,0.0011675956422599442,67.78810892915266,0.07914910058272105,-834.1829105473965,7.894
601166,XYYH,2021,Large (>5T),8603024000000.0,7908726000000.0,2859000000.0,694298000000.0,10187000000.0,0.9192960521788618,0.001184118514606027,68.15529596544616,0.08070394782113824,242.84644980762505,8.603024
601166,XYYH,2022,Large (>5T),9266671000000.0,8509373000000.0,-724000000.0,757298000000.0,11111000000.0,0.918277232460287,0.0011990282162817694,68.15750157501574,0.08172276753971303,-1045.9917127071824,9.266671
601166,XYYH,2023,Large (>5T),10158326000000.0,9350607000000.0,1239000000.0,807719000000.0,11495000000.0,0.9204869975623936,0.001131584081865457,70.26698564593302,0.07951300243760635,651.9120258272801,10.158326
601166,XYYH,2024,Large (>5T),10507898000000.0,9614287000000.0,5561000000.0,893611000000.0,11703000000.0,0.9149581581397155,0.0011137336886977776,76.35742971887551,0.08504184186028452,160.6925013486783,10.507898
601169,BJYH,2020,Mid-size (1T-5T),2900014000000.0,2678871000000.0,1152000000.0,221143000000.0,1924000000.0,0.9237441612350837,0.0006634450730237854,114.9391891891892,0.0762558387649163,191.96440972222223,2.900014
601169,BJYH,2021,Mid-size (1T-5T),3059046000000.0,2832018000000.0,1287000000.0,227028000000.0,1954000000.0,0.9257847054277706,0.000638761234711737,116.18628454452406,0.07421529457222938,176.4009324009324,3.059046
601169,BJYH,2022,Mid-size (1T-5T),3387952000000.0,3077335000000.0,257000000.0,310617000000.0,2144000000.0,0.9083171780473868,0.0006328306894548683,144.87733208955223,0.09168282195261326,1208.6264591439688,3.387952
601169,BJYH,2023,Mid-size (1T-5T),3748679000000.0,3420447000000.0,2985000000.0,328232000000.0,1317000000.0,0.91244062241659,0.0003513237596497326,249.22703113135915,0.08755937758341005,109.9604690117253,3.748679
601169,BJYH,2024,Mid-size (1T-5T),4221542000000.0,3863202000000.0,9910000000.0,358340000000.0,1269000000.0,0.915116324793168,0.0003006010599918229,282.3798266351458,0.084883675206832,36.15943491422805,4.221542
601187,XMYH,2020,Regional (<1T),285150280444.13,265476650518.17,4531769.79,19673629925.96,310365602.16,0.9310061000279651,0.0010884281848735917,63.388564290116875,0.06899389997203488,4341.268607547692,0.28515028044413
601187,XMYH,2021,Regional (<1T),329494574405.99,306229296015.32,252178027.55,23265278390.67,507999712.73,0.9293910121809671,0.0015417544086903936,45.797818005923574,0.07060898781903296,92.2573572991292,0.32949457440599
601187,XMYH,2022,Regional (<1T),371208018622.35,346464169116.75,-39410194.67,24743849505.6,551857969.74,0.9333423625991947,0.001486654226350199,44.83735102576793,0.06665763740080534,-627.854028958543,0.37120801862235
601187,XMYH,2023,Regional (<1T),390663859002.12,360149815945.03,364081838.12,30514043057.09,640386969.05,0.921891819901046,0.0016392275719739019,47.649381595563874,0.07810818009895411,83.81094540352404,0.39066385900212
601187,XMYH,2024,Regional (<1T),407794724235.86,375425635263.59,1007280476.44,32369088972.27,729837408.5,0.9206240614492395,0.001789717632731995,44.35109600478913,0.07937593855076064,32.13512991602008,0.40779472423586
601229,SHYH,2020,Mid-size (1T-5T),2462144021000.0,2271205002000.0,3376745000.0,190939019000.0,541129000.0,0.9224501014678864,0.00021977958859621072,352.85305167529367,0.07754989853211353,56.545288139909886,2.462144021
601229,SHYH,2021,Mid-size (1T-5T),2653198679000.0,2447430234000.0,2464957000.0,205768445000.0,564813000.0,0.9224451426767802,0.000212880024579569,364.31251582382134,0.0775548573232197,83.47749879612505,2.653198679
601229,SHYH,2022,Mid-size (1T-5T),2882182545000.0,2665017249000.0,2359444000.0,217165296000.0,582601000.0,0.9246524838002584,0.0002021388274003304,372.7513272376807,0.07534751619974162,92.04087742705485,2.882182545
601229,SHYH,2023,Mid-size (1T-5T),3085516473000.0,2846467311000.0,4229610000.0,239049162000.0,470332000.0,0.9225253975819562,0.0001524321792204543,508.25621475893627,0.07747460241804387,56.518015136147305,3.085516473
601229,SHYH,2024,Mid-size (1T-5T),3226948963000.0,2979824335000.0,5235085000.0,247124628000.0,467211000.0,0.9234184888470454,0.00014478413056946758,528.9358084462908,0.07658151115295467,47.20546619586884,3.226948963
601288,NYYH,2020,Large (>5T),27296753000000.0,25132374000000.0,22635000000.0,2164379000000.0,11031000000.0,0.9207092872914225,0.0004041139984671437,196.20877526969448,0.07929071270857746,95.62089684117517,27.296753
601288,NYYH,2021,Large (>5T),29069155000000.0,26647796000000.0,32831000000.0,2421359000000.0,6754000000.0,0.9167034955092433,0.0002323424949916845,358.5074030204323,0.08329650449075661,73.75221589351527,29.069155
601288,NYYH,2022,Large (>5T),33927533000000.0,31253082000000.0,37115000000.0,2674451000000.0,6039000000.0,0.9211716631445027,0.00017799702678057965,442.8632223878125,0.07882833685549727,72.0584938704028,33.927533
601288,NYYH,2023,Large (>5T),39872989000000.0,36976122000000.0,41506000000.0,2896867000000.0,7619000000.0,0.9273476337577803,0.00019108173706265162,380.21617010106314,0.07265236624221977,69.79393340721823,39.872989
601288,NYYH,2024,Large (>5T),43553293000000.0,40543004000000.0,60211000000.0,3010289000000.0,6567000000.0,0.9308826315383316,0.00015078079170729983,458.3963758184864,0.06911736846166833,49.99566524389231,43.553293
601328,JTYH,2020,Large (>5T),10795571000000.0,9958894000000.0,61000000.0,836677000000.0,11566000000.0,0.9224981244623374,0.0010713652848932215,72.33935673525852,0.07750187553766262,13716.016393442624,10.795571
601328,JTYH,2021,Large (>5T),11665757000000.0,10688521000000.0,-4177000000.0,977236000000.0,12589000000.0,0.9162303826489785,0.0010791412850447682,77.62618158709985,0.08376961735102145,-233.95642805841513,11.665757
601328,JTYH,2022,Large (>5T),12992419000000.0,11956679000000.0,-3618000000.0,1035740000000.0,12331000000.0,0.9202812039851855,0.0009490919281467139,83.99480982888655,0.07971879601481449,-286.2741846323936,12.992419
601328,JTYH,2023,Large (>5T),14060472000000.0,12961022000000.0,4126000000.0,1099450000000.0,11420000000.0,0.9218056122155786,0.0008122060198263615,96.27408056042032,0.07819438778442146,266.46873485215707,14.060472
601328,JTYH,2024,Large (>5T),14900717000000.0,13745120000000.0,15827000000.0,1155597000000.0,11291000000.0,0.9224468862807071,0.0007577487714181808,102.34673633867682,0.07755311371929284,73.01427939596891,14.900717
601398,GSYH,2020,Large (>5T),33471851000000.0,30649771000000.0,-18874000000.0,2822080000000.0,15801000000.0,0.9156879612065673,0.0004720683059923994,178.60135434466173,0.08431203879343273,-149.52209388576878,33.471851
601398,GSYH,2021,Large (>5T),35398066000000.0,32234781000000.0,-10318000000.0,3163285000000.0,17189000000.0,0.9106367845068146,0.0004855915009594027,184.02961196113793,0.08936321549318542,-306.5792789300252,35.398066
601398,GSYH,2022,Large (>5T),39609657000000.0,36095831000000.0,-20484000000.0,3513826000000.0,18655000000.0,0.9112886536735221,0.00047097100588374194,188.35840257303673,0.08871134632647791,-171.5400312438977,39.609657
601398,GSYH,2023,Large (>5T),44697079000000.0,40920491000000.0,-4078000000.0,3776588000000.0,19701000000.0,0.9155070513668242,0.0004407670577309985,191.6952438962489,0.08449294863317579,-926.0882785679255,44.697079
601398,GSYH,2024,Large (>5T),48821746000000.0,44834480000000.0,47695000000.0,3987266000000.0,17425000000.0,0.9183301228104378,0.00035691062748964363,228.8244476327116,0.08166987718956221,83.59924520389978,48.821746
601577,CSYH,2020,Mid-size (1T-5T),704234728000.0,658512218000.0,72053000.0,45722510000.0,1389198000.0,0.9350749001971967,0.001972634896812416,32.91288210895783,0.06492509980280325,634.5677487405104,0.704234728
601577,CSYH,2021,Mid-size (1T-5T),796150318000.0,739504359000.0,183709000.0,56645959000.0,1623992000.0,0.9288501709798977,0.002039805754370119,34.88068845166725,0.07114982902010221,308.3461289321699,0.796150318
601577,CSYH,2022,Mid-size (1T-5T),904733493000.0,842561236000.0,319168000.0,62172257000.0,1929120000.0,0.9312811369524484,0.0021322522211521576,32.22829943186531,0.06871886304755162,194.79476952576698,0.904733493
601577,CSYH,2023,Mid-size (1T-5T),1020032943000.0,951713564000.0,437788000.0,68319379000.0,2210381000.0,0.9330223798468046,0.0021669702093141123,30.908417598594994,0.06697762015319539,156.05585123393058,1.020032943
601577,CSYH,2024,Mid-size (1T-5T),1146747921000.0,1066397629000.0,1350503000.0,80350292000.0,2336647000.0,0.9299320360398543,0.0020376291573847988,34.38700496908604,0.0700679639601457,59.4965668347275,1.146747921
601658,YCYH,2020,Large (>5T),11353263000000.0,10680333000000.0,2725000000.0,672930000000.0,1131000000.0,0.9407280532477755,9.961893774503418e-05,594.9867374005305,0.05927194675222445,246.9467889908257,11.353263
601658,YCYH,2021,Large (>5T),12587873000000.0,11792324000000.0,12054000000.0,795549000000.0,1458000000.0,0.9368003633338213,0.0001158257634153125,545.6440329218107,0.06319963666617863,65.9987555998009,12.587873
601658,YCYH,2022,Large (>5T),14067282000000.0,13241468000000.0,4918000000.0,825814000000.0,1589000000.0,0.9412954115798631,0.0001129571441021798,519.7067337948395,0.058704588420136886,167.91663277755185,14.067282
601658,YCYH,2023,Large (>5T),15726631000000.0,14770015000000.0,5034000000.0,956616000000.0,1743000000.0,0.939172223218056,0.00011083111188912616,548.8330464716007,0.060827776781943954,190.03098927294397,15.726631
601658,YCYH,2024,Large (>5T),17084910000000.0,16053261000000.0,9071000000.0,1031649000000.0,1980000000.0,0.9396163632117465,0.00011589174306449376,521.0348484848485,0.060383636788253495,113.7304597067578,17.08491
601818,GDYH,2020,Large (>5T),5388434000000.0,4996991000000.0,2766000000.0,391443000000.0,1131000000.0,0.927354960643482,0.0002098940063105533,346.1034482758621,0.07264503935651806,141.51952277657267,5.388434
601818,GDYH,2021,Large (>5T),5902069000000.0,5417703000000.0,3152000000.0,484366000000.0,1877000000.0,0.9179328469389294,0.00031802406918658526,258.05327650506126,0.08206715306107062,153.6694162436548,5.902069
601818,GDYH,2022,Large (>5T),6300510000000.0,5790497000000.0,-590000000.0,510013000000.0,2130000000.0,0.9190521084801072,0.0003380678706961817,239.44272300469484,0.08094789151989283,-864.4288135593221,6.30051
601818,GDYH,2023,Large (>5T),6834936000000.0,6284532000000.0,1020000000.0,550404000000.0,2328000000.0,0.919471959942273,0.0003406030429546085,236.4278350515464,0.08052804005772694,539.6117647058824,6.834936
601818,GDYH,2024,Large (>5T),6959021000000.0,6368790000000.0,10891000000.0,590231000000.0,2531000000.0,0.9151847652133828,0.00036370058374590334,233.20071118135124,0.08481523478661726,54.19438068129649,6.959021
601838,CDYH,2020,Mid-size (1T-5T),652433674000.0,606318849000.0,97276000.0,46114825000.0,82211000.0,0.9293187540163661,0.00012600667818994272,560.932539441194,0.07068124598363389,474.061690447798,0.652433674
601838,CDYH,2021,Mid-size (1T-5T),768346337000.0,716324194000.0,122833000.0,52022143000.0,82872000.0,0.9322933675936819,0.00010785761057125987,627.7408895646298,0.06770663240631809,423.51927413642915,0.768346337
601838,CDYH,2022,Mid-size (1T-5T),917650305000.0,856224024000.0,-235943000.0,61426281000.0,83568000.0,0.9330613408339683,9.106737015687038e-05,735.045483917289,0.06693865916603166,-260.34373132493863,0.917650305
601838,CDYH,2023,Mid-size (1T-5T),1091243069000.0,1019923459000.0,196946000.0,71319610000.0,84383000.0,0.9346436994414486,7.732740981102168e-05,845.1893153834303,0.06535630055855136,362.1277405989459,1.091243069
601838,CDYH,2024,Mid-size (1T-5T),1250116154000.0,1164211707000.0,1308622000.0,85904447000.0,48995000.0,0.931282827819534,3.919235812066788e-05,1753.3308909072355,0.06871717218046604,65.64496623165437,1.250116154
601860,ZJYH,2020,Regional (<1T),217664378000.0,202849278000.0,104445000.0,14815100000.0,14815100000.0,0.9319360377838215,0.06806396221617853,1.0,0.06806396221617853,141.84594762793816,0.217664378
601860,ZJYH,2021,Regional (<1T),228384658000.0,213190315000.0,153936000.0,15194343000.0,15194343000.0,0.9334703866141482,0.06652961338585187,1.0,0.06652961338585187,98.70558543810415,0.228384658
601860,ZJYH,2022,Regional (<1T),227999694000.0,211743754000.0,31188000.0,16255940000.0,16255940000.0,0.9287019218543338,0.07129807814566629,1.0,0.07129807814566629,521.2241887905604,0.227999694
601860,ZJYH,2023,Regional (<1T),255274901000.0,237783566000.0,122279000.0,17491335000.0,17491335000.0,0.9314803965000852,0.06851960349991479,1.0,0.06851960349991479,143.0444720679757,0.255274901
601860,ZJYH,2024,Regional (<1T),270962071000.0,251357258000.0,382712000.0,19604813000.0,19604813000.0,0.9276473901766126,0.07235260982338743,1.0,0.07235260982338743,51.2260211333849,0.270962071
601916,ZSYH,2020,Mid-size (1T-5T),2053099000000.0,1922704000000.0,322000000.0,130395000000.0,1987000000.0,0.9364886934336825,0.000967805254398351,65.62405636638148,0.06351130656631755,404.95341614906835,2.053099
601916,ZSYH,2021,Mid-size (1T-5T),2286723000000.0,2119840000000.0,557000000.0,166883000000.0,2714000000.0,0.9270208940916762,0.001186851227717568,61.489683124539425,0.07297910590832384,299.6104129263914,2.286723
601916,ZSYH,2022,Mid-size (1T-5T),2621930000000.0,2456000000000.0,2191000000.0,165930000000.0,2997000000.0,0.9367145575968847,0.001143051111204342,55.36536536536536,0.06328544240311526,75.73254221816522,2.62193
601916,ZSYH,2023,Mid-size (1T-5T),3143879000000.0,2954302000000.0,3408000000.0,189577000000.0,3332000000.0,0.9396996512906508,0.001059837226559928,56.89585834333734,0.06030034870934918,55.62705399061033,3.143879
601916,ZSYH,2024,Mid-size (1T-5T),3325539000000.0,3122796000000.0,6347000000.0,202743000000.0,3840000000.0,0.9390345444753467,0.0011547000350920558,52.79765625,0.060965455524653295,31.943122735150464,3.325539
601939,JSYH,2020,Large (>5T),28298121000000.0,25952251000000.0,13306000000.0,2345870000000.0,23551000000.0,0.9171015630331074,0.0008322460703309594,99.60808458239565,0.08289843696689261,176.30166842026154,28.298121
601939,JSYH,2021,Large (>5T),30253979000000.0,27639857000000.0,21338000000.0,2614122000000.0,25891000000.0,0.9135941093897103,0.000855788258463457,100.96643621335599,0.08640589061028964,122.51016965038897,30.253979
601939,JSYH,2022,Large (>5T),34601917000000.0,31723157000000.0,20793000000.0,2878760000000.0,22027000000.0,0.9168034534040411,0.0006365832274552881,130.69233213783085,0.08319654659595883,138.44851632761026,34.601917
601939,JSYH,2023,Large (>5T),38324826000000.0,35152752000000.0,23981000000.0,3172074000000.0,21929000000.0,0.9172318747122297,0.000572187855464758,144.65201331570066,0.08276812528777039,132.2744672866019,38.324826
601939,JSYH,2024,Large (>5T),40923042000000.0,37579717000000.0,43415000000.0,3343325000000.0,22411000000.0,0.9183021389270133,0.0005476376853900548,149.18232118156263,0.08169786107298671,77.00852240009213,40.923042
601963,CQYH,2020,Regional (<1T),561641397000.0,519647183000.0,602454000.0,41994214000.0,1819217000.0,0.9252294894494751,0.0032391077468956584,23.083675009633264,0.07477051055052482,69.70526214449568,0.561641397
601963,CQYH,2021,Regional (<1T),618953620000.0,569706925000.0,911282000.0,49246695000.0,1973507000.0,0.920435565107447,0.0031884569961801016,24.953899327440947,0.07956443489255302,54.04111460557764,0.61895362
601963,CQYH,2022,Regional (<1T),684712563000.0,633217086000.0,-588266000.0,51495477000.0,2158965000.0,0.9247925629195736,0.003153096812684011,23.851927659781424,0.0752074370804264,-87.53774142989737,0.684712563
601963,CQYH,2023,Regional (<1T),759883870000.0,700584443000.0,1146715000.0,59299427000.0,2381693000.0,0.9219625138246453,0.0031342855060208083,24.89801456358985,0.07803748617535466,51.7124368304243,0.75988387
601963,CQYH,2024,Regional (<1T),856641840000.0,792877922000.0,2502023000.0,63763918000.0,2692945000.0,0.9255652537354467,0.0031436066676360334,23.678136018373937,0.07443474626455322,25.484944782681854,0.85664184
601988,ZGYH,2020,Large (>5T),24703889000000.0,22597996000000.0,9502000000.0,2105893000000.0,126634000000.0,0.9147545959261718,0.0051260754936196485,16.62975978015383,0.08524540407382822,221.6262892022732,24.703889
601988,ZGYH,2021,Large (>5T),26722408000000.0,24371855000000.0,1417000000.0,2350553000000.0,125400000000.0,0.9120381291985363,0.004692690868278038,18.744441786283893,0.0879618708014637,1658.8235709244884,26.722408
601988,ZGYH,2022,Large (>5T),28913857000000.0,26346286000000.0,5706000000.0,2567571000000.0,139982000000.0,0.9111992910527295,0.004841346486565248,18.34215113371719,0.0888007089472705,449.9773922187171,28.913857
601988,ZGYH,2023,Large (>5T),32432166000000.0,29675351000000.0,34719000000.0,2756815000000.0,127305000000.0,0.9149975058711775,0.0039252697460909645,21.65519814618436,0.0850024941288226,79.40364065785305,32.432166
601988,ZGYH,2024,Large (>5T),35061299000000.0,32108335000000.0,95268000000.0,2952964000000.0,136733000000.0,0.915777107973096,0.003899826985874083,21.596571420213117,0.08422289202690408,30.996389133811984,35.061299
601997,GYYH,2020,Regional (<1T),590680344000.0,546228723000.0,-447301000.0,44451621000.0,1507491000.0,0.9247450478900648,0.002552126569493567,29.48715514719491,0.07525495210993512,-99.37742370350166,0.590680344
601997,GYYH,2021,Regional (<1T),608686846000.0,554626745000.0,-221364000.0,54060101000.0,1712221000.0,0.9111856920266025,0.0028129751961158693,31.57308606774476,0.08881430797339754,-244.21360745197956,0.608686846
601997,GYYH,2022,Regional (<1T),645998467000.0,587345893000.0,-650869000.0,58652574000.0,1985402000.0,0.909206326336375,0.003073385002320756,29.541913426097082,0.09079367366362497,-90.11425340583128,0.645998467
601997,GYYH,2023,Regional (<1T),688068214000.0,624534625000.0,2751000.0,63533589000.0,2012735000.0,0.9076638221221479,0.002925196890435052,31.565799273128356,0.09233617787785209,23094.725190839694,0.688068214
601997,GYYH,2024,Regional (<1T),723944485000.0,658497496000.0,352348000.0,65446989000.0,2028038000.0,0.9095966743914072,0.002801372262681164,32.271086143356285,0.09040332560859277,185.74531145344943,0.723944485
601998,ZXYH,2020,Large (>5T),7511161000000.0,6951123000000.0,109000000.0,560038000000.0,15465000000.0,0.9254392230442138,0.0020589360286645433,36.21325573876495,0.0745607769557862,5137.963302752293,7.511161
601998,ZXYH,2021,Large (>5T),8042884000000.0,7400258000000.0,1644000000.0,642626000000.0,16323000000.0,0.920100053662343,0.002029495887296149,39.36935612326165,0.07989994633765699,390.8917274939173,8.042884
601998,ZXYH,2022,Large (>5T),8622384000000.0,7944166000000.0,3827000000.0,678218000000.0,20515000000.0,0.9213421717242006,0.0023792723682916463,33.05961491591518,0.07865782827579935,177.21923177423568,8.622384
601998,ZXYH,2023,Large (>5T),9052484000000.0,8317809000000.0,4057000000.0,734675000000.0,17453000000.0,0.9188427176452342,0.0019279791049616878,42.094482323955766,0.08115728235476583,181.08824254375153,9.052484
601998,ZXYH,2024,Large (>5T),9532722000000.0,8725357000000.0,16862000000.0,807365000000.0,18101000000.0,0.9153059325552555,0.0018988280577153095,44.60333683221921,0.08469406744474453,47.88073775352864,9.532722
603323,SNYH,2020,Regional (<1T),139440364000.0,127300176000.0,298957000.0,12140188000.0,119960000.0,0.9129363431667462,0.0008602960904491041,101.20196732244081,0.08706365683325382,40.60847546637142,0.139440364
603323,SNYH,2021,Regional (<1T),158724694000.0,145456427000.0,536050000.0,13268267000.0,121045000.0,0.916407039978291,0.0007626097549761223,109.61433351233012,0.08359296002170903,24.751920529801325,0.158724694
603323,SNYH,2022,Regional (<1T),180277961000.0,165949735000.0,375535000.0,14328226000.0,128237000.0,0.9205214773868005,0.0007113293232776246,111.73238612880837,0.07947852261319951,38.15416938501072,0.180277961
603323,SNYH,2023,Regional (<1T),202564681000.0,186767919000.0,496243000.0,15796762000.0,13971000.0,0.9220162077514391,6.89705625434278e-05,1130.682270417293,0.07798379224856085,31.83271502066528,0.202564681
603323,SNYH,2024,Regional (<1T),217502290000.0,200784639000.0,523719000.0,16717651000.0,14364000.0,0.9231380460408026,6.604068398544218e-05,1163.8576301865776,0.0768619539591974,31.921032080180403,0.21750229
